Project Geographic District ,Project Building Identifier,Project School Name,Project Type ,Project Description,Project Phase Name,Project Status Name,Project Budget Amount,DSF Number(s),synthetic_flag,Reported,Fiscal_Year,Council_District,Sponsor,Title,Description,Accident Report ID,Record Type Description,Check2 Description,Fatality,Injury,House Number,Street Name,Block,Lot,Postcode,Latitude,Longitude,Community Board,Council District,Census Tract (2020),Neighborhood Tabulation Area (NTA) (2020), (),equipment,hours_used,hourly_cost_estimated,maintenance_flag,is_synthetic,the_geom,Job_Number,Job_Type,ResidFlag,NonresFlag,Job_Status,CompltYear,PermitYear,ClassAInit,ClassAProp,ClassANet,HotelInit,HotelProp,OtherBInit,OtherBProp,Units_CO,Boro,AddressNum,AddressSt,Occ_Init,Occ_Prop,Bldg_Class,Job_Desc,ZoningDst1,ZoningDst2,ZoningDst3,SpeclDst1,SpeclDst2,Landmark,FloorsInit,FloorsProp,Enlargemnt,Ownership,CenBlock20,CenTract20,BCTCB2020,BCT2020,NTA2020,NTAName20,CDTA2020,CDTAName20,CommntyDst,CouncilDst,SchSubDist,SchCommnty,SchElmntry,SchMiddle,FireCmpany,FireBattln,FireDivsn,PolicePcnt,PL_FIRM07,PL_PFIRM15,GeomSource,DCPEdited,Version,material,quantity,unit,unit_price_estimated,total_cost_estimated,Country Code,Region,IncomeGroup,SpecialNotes,TableName,Unnamed: 5,INDICATOR_CODE,INDICATOR_NAME,SOURCE_NOTE,SOURCE_ORGANIZATION,Unnamed: 4,elapsed_days,delay_days,schedule_slippage_pct,will_delay_abs30
17.42242264261622,,,,,,,148170.0,,True,2022.277835768963,,25.0,,,,43964.9335154827,,,0.0,0.7814207650273224,333.0,,1452.0,25.0,10643.288725939505,40.6970379089918,-73.93268326748634,230.39596700274976,19.904674610449128,268.0,,,bulldozer,6.1,180.6,False,True,,345812433.36122185,,,,,2016-07-01,2014-07-01,1.0,2.0,1.0,0.0,0.0,0.0,0.0,2.0,3.270661351285282,357.0,62.0,,,,,,81007.0,,125.0,,,2.0,3.0,,,360611254949874.9,36061125494.77512,33140739922.67674,3314073.779892429,,,,,334.2086169932674,29.852521909203745,,20.18809004400647,369.6785717644182,179.20837878502914,,35.64589837138451,10.400534095610636,82.63419152217249,1.0,1.0,,,,steel,8.985358499999998,tons,359.23306,696.0550000000001,,,,,,,,,,,,0.0,,0.0,0
1.0,m015,p.s. 15 - manhattan,sca ieh,po18-some areas were identified during the ahera periodic surveillance as response actions due to ob,construction,in-progress,148170.0,,False,2022.277835768963,fy19,25.0,gibson,volunteers of america,clarke place senior residence project,43964.9335154827,incident,other construction related,0.0,0.7814207650273224,333.0,5 avenue,1452.0,25.0,10643.288725939505,40.6970379089918,-73.93268326748634,230.39596700274976,19.904674610449128,268.0,mn0502,snwd (inches),,8.786584615384616,148.99,,,point (-73.950989 40.64992999999985),345812433.36122185,new building,residential,non-residential,2. approved application,2016-07-01,2014-07-01,1.0,2.0,1.0,0.0,0.0,0.0,0.0,2.0,3.270661351285282,357.0,62.0,empty site,residential: 3 or more units (j-0),other,new 5 story residential building,r7-1,81007.0,r7-2,125.0,gi,yes,2.0,3.0,horizontal,private for-profit: corporation,360611254949874.9,36061125494.77512,33140739922.67674,3314073.779892429,bk1701,east flatbush-erasmus,bk17,bk17 east flatbush (cd 17 approximation),334.2086169932674,29.852521909203745,17_3,20.18809004400647,369.6785717644182,179.20837878502914,e248,35.64589837138451,10.400534095610636,82.63419152217249,1.0,1.0,lat/lon geosupport,latitude/longitude,25q2,,8.985358499999998,,359.23306,696.0550000000001,,latin america & caribbean,high income,"26 countries, stretching from the red sea in the north to the cape of good hope in the south (https://www.worldbank.org/en/region/afr/eastern-and-southern-africa)",aruba,,nv.ind.empl.kd,"industry (including construction), value added per worker (constant 2015 us$)","industry (including construction) corresponds to isic (rev.4) divisions 05-43. it is comprised of mining, manufacturing, construction, electricity, water, and gas industries. value added is the contribution to the economy by a producer or an industry or an institutional sector, which is estimated by the total value of output produced and deducting the total value of intermediate consumption of goods and services used to produce that output. the core indicator has been divided by the number of workers in the economy to derive a measure of labor productivity. this indicator is expressed in constant prices, meaning the series has been adjusted to account for price changes over time. the reference year for this adjustment is 2015. this indicator is expressed in united states dollars.","world development indicators database, world bank (wb); ilostat database, international labour organization (ilo)",,9916.0,,0.0,0
17.42242264261622,,,,,,,148170.0,,True,2022.277835768963,,25.0,,,,43964.9335154827,,,0.0,0.7814207650273224,333.0,,1452.0,25.0,10643.288725939505,40.6970379089918,-73.93268326748634,230.39596700274976,19.904674610449128,268.0,,,dump_truck,15.17,107.47,False,True,,345812433.36122185,,,,,2016-07-01,2014-07-01,1.0,2.0,1.0,0.0,0.0,0.0,0.0,2.0,3.270661351285282,357.0,62.0,,,,,,81007.0,,125.0,,,2.0,3.0,,,360611254949874.9,36061125494.77512,33140739922.67674,3314073.779892429,,,,,334.2086169932674,29.852521909203745,,20.18809004400647,369.6785717644182,179.20837878502914,,35.64589837138451,10.400534095610636,82.63419152217249,1.0,1.0,,,,lumber,8.985358499999998,board_feet,359.23306,696.0550000000001,,,,,,,,,,,,0.0,,0.0,0
17.42242264261622,,,,,,,148170.0,,True,2022.277835768963,,25.0,,,,43964.9335154827,,,0.0,0.7814207650273224,333.0,,1452.0,25.0,10643.288725939505,40.6970379089918,-73.93268326748634,230.39596700274976,19.904674610449128,268.0,,,crane,2.71,536.75,False,True,,345812433.36122185,,,,,2016-07-01,2014-07-01,1.0,2.0,1.0,0.0,0.0,0.0,0.0,2.0,3.270661351285282,357.0,62.0,,,,,,81007.0,,125.0,,,2.0,3.0,,,360611254949874.9,36061125494.77512,33140739922.67674,3314073.779892429,,,,,334.2086169932674,29.852521909203745,,20.18809004400647,369.6785717644182,179.20837878502914,,35.64589837138451,10.400534095610636,82.63419152217249,1.0,1.0,,,,rebar,8.985358499999998,tons,359.23306,696.0550000000001,,,,,,,,,,,,0.0,,0.0,0
17.42242264261622,,,,,,,148170.0,,True,2022.277835768963,,25.0,,,,43964.9335154827,,,0.0,0.7814207650273224,333.0,,1452.0,25.0,10643.288725939505,40.6970379089918,-73.93268326748634,230.39596700274976,19.904674610449128,268.0,,,bulldozer,13.89,168.61,False,True,,345812433.36122185,,,,,2016-07-01,2014-07-01,1.0,2.0,1.0,0.0,0.0,0.0,0.0,2.0,3.270661351285282,357.0,62.0,,,,,,81007.0,,125.0,,,2.0,3.0,,,360611254949874.9,36061125494.77512,33140739922.67674,3314073.779892429,,,,,334.2086169932674,29.852521909203745,,20.18809004400647,369.6785717644182,179.20837878502914,,35.64589837138451,10.400534095610636,82.63419152217249,1.0,1.0,,,,steel,8.985358499999998,tons,359.23306,696.0550000000001,,,,,,,,,,,,0.0,,0.0,0
17.42242264261622,,,,,,,148170.0,,True,2022.277835768963,,25.0,,,,43964.9335154827,,,0.0,0.7814207650273224,333.0,,1452.0,25.0,10643.288725939505,40.6970379089918,-73.93268326748634,230.39596700274976,19.904674610449128,268.0,,,loader,4.24,99.62,False,True,,345812433.36122185,,,,,2016-07-01,2014-07-01,1.0,2.0,1.0,0.0,0.0,0.0,0.0,2.0,3.270661351285282,357.0,62.0,,,,,,81007.0,,125.0,,,2.0,3.0,,,360611254949874.9,36061125494.77512,33140739922.67674,3314073.779892429,,,,,334.2086169932674,29.852521909203745,,20.18809004400647,369.6785717644182,179.20837878502914,,35.64589837138451,10.400534095610636,82.63419152217249,1.0,1.0,,,,cement,8.985358499999998,tons,359.23306,696.0550000000001,,,,,,,,,,,,0.0,,0.0,0
17.42242264261622,,,,,,,148170.0,,True,2022.277835768963,,25.0,,,,43964.9335154827,,,0.0,0.7814207650273224,333.0,,1452.0,25.0,10643.288725939505,40.6970379089918,-73.93268326748634,230.39596700274976,19.904674610449128,268.0,,,bulldozer,4.27,169.23,False,True,,345812433.36122185,,,,,2016-07-01,2014-07-01,1.0,2.0,1.0,0.0,0.0,0.0,0.0,2.0,3.270661351285282,357.0,62.0,,,,,,81007.0,,125.0,,,2.0,3.0,,,360611254949874.9,36061125494.77512,33140739922.67674,3314073.779892429,,,,,334.2086169932674,29.852521909203745,,20.18809004400647,369.6785717644182,179.20837878502914,,35.64589837138451,10.400534095610636,82.63419152217249,1.0,1.0,,,,rebar,8.985358499999998,tons,359.23306,696.0550000000001,,,,,,,,,,,,0.0,,0.0,0
17.42242264261622,,,,,,,148170.0,,True,2022.277835768963,,25.0,,,,43964.9335154827,,,0.0,0.7814207650273224,333.0,,1452.0,25.0,10643.288725939505,40.6970379089918,-73.93268326748634,230.39596700274976,19.904674610449128,268.0,,,excavator,12.27,160.57,False,True,,345812433.36122185,,,,,2016-07-01,2014-07-01,1.0,2.0,1.0,0.0,0.0,0.0,0.0,2.0,3.270661351285282,357.0,62.0,,,,,,81007.0,,125.0,,,2.0,3.0,,,360611254949874.9,36061125494.77512,33140739922.67674,3314073.779892429,,,,,334.2086169932674,29.852521909203745,,20.18809004400647,369.6785717644182,179.20837878502914,,35.64589837138451,10.400534095610636,82.63419152217249,1.0,1.0,,,,steel,8.985358499999998,tons,359.23306,696.0550000000001,,,,,,,,,,,,0.0,,0.0,0
